<attributionReport>
   <dependencies>
      <dependency>
         <name>&quot;Java Concurrency in Practice&quot; book annotations</name>
         <groupId>net.jcip</groupId>
         <artifactId>jcip-annotations</artifactId>
         <version>1.0</version>
         <projectUrl>http://jcip.net/</projectUrl>
         <type>jar</type>
         <licenses/>
         <downloadUrls>
            <string>https://repo.maven.apache.org/maven2/net/jcip/jcip-annotations/1.0/jcip-annotations-1.0.jar</string>
            <string>https://artifactory.siren.io/artifactory/libs-release/net/jcip/jcip-annotations/1.0/jcip-annotations-1.0.jar</string>
            <string>https://artifactory.siren.io/artifactory/libs-snapshot/net/jcip/jcip-annotations/1.0/jcip-annotations-1.0.jar</string>
         </downloadUrls>
      </dependency>
      <dependency>
         <name>Aho-CoraSick algorithm for efficient string matching</name>
         <groupId>org.ahocorasick</groupId>
         <artifactId>ahocorasick</artifactId>
         <version>0.4.0</version>
         <projectUrl>http://ahocorasick.org</projectUrl>
         <type>jar</type>
         <licenses>
            <license>
               <name>The Apache Software License, Version 2.0</name>
               <url>http://www.apache.org/licenses/LICENSE-2.0.txt</url>
            </license>
         </licenses>
         <downloadUrls>
            <string>https://repo.maven.apache.org/maven2/org/ahocorasick/ahocorasick/0.4.0/ahocorasick-0.4.0.jar</string>
            <string>https://artifactory.siren.io/artifactory/libs-release/org/ahocorasick/ahocorasick/0.4.0/ahocorasick-0.4.0.jar</string>
            <string>https://artifactory.siren.io/artifactory/libs-snapshot/org/ahocorasick/ahocorasick/0.4.0/ahocorasick-0.4.0.jar</string>
         </downloadUrls>
      </dependency>
      <dependency>
         <name>Animal Sniffer Annotations</name>
         <groupId>org.codehaus.mojo</groupId>
         <artifactId>animal-sniffer-annotations</artifactId>
         <version>1.18</version>
         <projectUrl>http://www.mojohaus.org/animal-sniffer/animal-sniffer-annotations</projectUrl>
         <type>jar</type>
         <licenses>
            <license>
               <name>MIT license</name>
               <url>http://www.opensource.org/licenses/mit-license.php</url>
            </license>
         </licenses>
         <downloadUrls>
            <string>https://repo.maven.apache.org/maven2/org/codehaus/mojo/animal-sniffer-annotations/1.18/animal-sniffer-annotations-1.18.jar</string>
            <string>https://artifactory.siren.io/artifactory/libs-release/org/codehaus/mojo/animal-sniffer-annotations/1.18/animal-sniffer-annotations-1.18.jar</string>
            <string>https://artifactory.siren.io/artifactory/libs-snapshot/org/codehaus/mojo/animal-sniffer-annotations/1.18/animal-sniffer-annotations-1.18.jar</string>
         </downloadUrls>
      </dependency>
      <dependency>
         <name>Annot8 API</name>
         <groupId>io.annot8</groupId>
         <artifactId>annot8-api</artifactId>
         <version>0.4.0-siren</version>
         <projectUrl>http://annot8.io/annot8-api</projectUrl>
         <type>jar</type>
         <licenses>
            <license>
               <name>Apache Software License 2.0</name>
               <url>https://www.apache.org/licenses/LICENSE-2.0.txt</url>
            </license>
         </licenses>
         <downloadUrls>
            <string>https://artifactory.siren.io/artifactory/libs-release/io/annot8/annot8-api/0.4.0-siren/annot8-api-0.4.0-siren.jar</string>
            <string>https://artifactory.siren.io/artifactory/libs-release-staging-local/io/annot8/annot8-api/0.4.0-siren/annot8-api-0.4.0-siren.jar</string>
         </downloadUrls>
      </dependency>
      <dependency>
         <name>Annot8 Base Components</name>
         <groupId>io.annot8</groupId>
         <artifactId>annot8-components-base</artifactId>
         <version>0.4.0-siren</version>
         <projectUrl>http://annot8.io/annot8-components-base</projectUrl>
         <type>jar</type>
         <licenses>
            <license>
               <name>Apache Software License 2.0</name>
               <url>https://www.apache.org/licenses/LICENSE-2.0.txt</url>
            </license>
         </licenses>
         <downloadUrls>
            <string>https://artifactory.siren.io/artifactory/libs-release/io/annot8/annot8-components-base/0.4.0-siren/annot8-components-base-0.4.0-siren.jar</string>
            <string>https://artifactory.siren.io/artifactory/libs-release-staging-local/io/annot8/annot8-components-base/0.4.0-siren/annot8-components-base-0.4.0-siren.jar</string>
         </downloadUrls>
      </dependency>
      <dependency>
         <name>Annot8 Common Components</name>
         <groupId>io.annot8</groupId>
         <artifactId>annot8-common-components</artifactId>
         <version>0.4.0-siren</version>
         <projectUrl>http://annot8.io/annot8-common/annot8-common-components</projectUrl>
         <type>jar</type>
         <licenses>
            <license>
               <name>Apache Software License 2.0</name>
               <url>https://www.apache.org/licenses/LICENSE-2.0.txt</url>
            </license>
         </licenses>
         <downloadUrls>
            <string>https://artifactory.siren.io/artifactory/libs-release/io/annot8/annot8-common-components/0.4.0-siren/annot8-common-components-0.4.0-siren.jar</string>
            <string>https://artifactory.siren.io/artifactory/libs-release-staging-local/io/annot8/annot8-common-components/0.4.0-siren/annot8-common-components-0.4.0-siren.jar</string>
         </downloadUrls>
      </dependency>
      <dependency>
         <name>Annot8 Common Data</name>
         <groupId>io.annot8</groupId>
         <artifactId>annot8-common-data</artifactId>
         <version>0.4.0-siren</version>
         <projectUrl>http://annot8.io/annot8-common/annot8-common-data</projectUrl>
         <type>jar</type>
         <licenses>
            <license>
               <name>Apache Software License 2.0</name>
               <url>https://www.apache.org/licenses/LICENSE-2.0.txt</url>
            </license>
         </licenses>
         <downloadUrls>
            <string>https://artifactory.siren.io/artifactory/libs-release/io/annot8/annot8-common-data/0.4.0-siren/annot8-common-data-0.4.0-siren.jar</string>
            <string>https://artifactory.siren.io/artifactory/libs-release-staging-local/io/annot8/annot8-common-data/0.4.0-siren/annot8-common-data-0.4.0-siren.jar</string>
         </downloadUrls>
      </dependency>
      <dependency>
         <name>Annot8 Common Processing</name>
         <groupId>io.annot8</groupId>
         <artifactId>annot8-common-processing</artifactId>
         <version>0.4.0-siren</version>
         <projectUrl>http://annot8.io/annot8-common/annot8-common-processing</projectUrl>
         <type>jar</type>
         <licenses>
            <license>
               <name>Apache Software License 2.0</name>
               <url>https://www.apache.org/licenses/LICENSE-2.0.txt</url>
            </license>
         </licenses>
         <downloadUrls>
            <string>https://artifactory.siren.io/artifactory/libs-release/io/annot8/annot8-common-processing/0.4.0-siren/annot8-common-processing-0.4.0-siren.jar</string>
            <string>https://artifactory.siren.io/artifactory/libs-release-staging-local/io/annot8/annot8-common-processing/0.4.0-siren/annot8-common-processing-0.4.0-siren.jar</string>
         </downloadUrls>
      </dependency>
      <dependency>
         <name>Annot8 Common Utils</name>
         <groupId>io.annot8</groupId>
         <artifactId>annot8-common-utils</artifactId>
         <version>0.4.0-siren</version>
         <projectUrl>http://annot8.io/annot8-common/annot8-common-utils</projectUrl>
         <type>jar</type>
         <licenses>
            <license>
               <name>Apache Software License 2.0</name>
               <url>https://www.apache.org/licenses/LICENSE-2.0.txt</url>
            </license>
         </licenses>
         <downloadUrls>
            <string>https://artifactory.siren.io/artifactory/libs-release/io/annot8/annot8-common-utils/0.4.0-siren/annot8-common-utils-0.4.0-siren.jar</string>
            <string>https://artifactory.siren.io/artifactory/libs-release-staging-local/io/annot8/annot8-common-utils/0.4.0-siren/annot8-common-utils-0.4.0-siren.jar</string>
         </downloadUrls>
      </dependency>
      <dependency>
         <name>Annot8 Communications Components</name>
         <groupId>io.annot8</groupId>
         <artifactId>annot8-components-comms</artifactId>
         <version>0.4.0-siren</version>
         <projectUrl>http://annot8.io/annot8-components-comms</projectUrl>
         <type>jar</type>
         <licenses>
            <license>
               <name>Apache Software License 2.0</name>
               <url>https://www.apache.org/licenses/LICENSE-2.0.txt</url>
            </license>
         </licenses>
         <downloadUrls>
            <string>https://artifactory.siren.io/artifactory/libs-release/io/annot8/annot8-components-comms/0.4.0-siren/annot8-components-comms-0.4.0-siren.jar</string>
            <string>https://artifactory.siren.io/artifactory/libs-release-staging-local/io/annot8/annot8-components-comms/0.4.0-siren/annot8-components-comms-0.4.0-siren.jar</string>
         </downloadUrls>
      </dependency>
      <dependency>
         <name>Annot8 Conventions</name>
         <groupId>io.annot8</groupId>
         <artifactId>annot8-conventions</artifactId>
         <version>0.4.0-siren</version>
         <projectUrl>http://annot8.io/annot8-conventions</projectUrl>
         <type>jar</type>
         <licenses>
            <license>
               <name>Apache Software License 2.0</name>
               <url>https://www.apache.org/licenses/LICENSE-2.0.txt</url>
            </license>
         </licenses>
         <downloadUrls>
            <string>https://artifactory.siren.io/artifactory/libs-release/io/annot8/annot8-conventions/0.4.0-siren/annot8-conventions-0.4.0-siren.jar</string>
            <string>https://artifactory.siren.io/artifactory/libs-release-staging-local/io/annot8/annot8-conventions/0.4.0-siren/annot8-conventions-0.4.0-siren.jar</string>
         </downloadUrls>
      </dependency>
      <dependency>
         <name>Annot8 Cyber Components</name>
         <groupId>io.annot8</groupId>
         <artifactId>annot8-components-cyber</artifactId>
         <version>0.4.0-siren</version>
         <projectUrl>http://annot8.io/annot8-components-cyber</projectUrl>
         <type>jar</type>
         <licenses>
            <license>
               <name>Apache Software License 2.0</name>
               <url>https://www.apache.org/licenses/LICENSE-2.0.txt</url>
            </license>
         </licenses>
         <downloadUrls>
            <string>https://artifactory.siren.io/artifactory/libs-release/io/annot8/annot8-components-cyber/0.4.0-siren/annot8-components-cyber-0.4.0-siren.jar</string>
            <string>https://artifactory.siren.io/artifactory/libs-release-staging-local/io/annot8/annot8-components-cyber/0.4.0-siren/annot8-components-cyber-0.4.0-siren.jar</string>
         </downloadUrls>
      </dependency>
      <dependency>
         <name>Annot8 Financial Components</name>
         <groupId>io.annot8</groupId>
         <artifactId>annot8-components-financial</artifactId>
         <version>0.4.0-siren</version>
         <projectUrl>http://annot8.io/annot8-components-financial</projectUrl>
         <type>jar</type>
         <licenses>
            <license>
               <name>Apache Software License 2.0</name>
               <url>https://www.apache.org/licenses/LICENSE-2.0.txt</url>
            </license>
         </licenses>
         <downloadUrls>
            <string>https://artifactory.siren.io/artifactory/libs-release/io/annot8/annot8-components-financial/0.4.0-siren/annot8-components-financial-0.4.0-siren.jar</string>
            <string>https://artifactory.siren.io/artifactory/libs-release-staging-local/io/annot8/annot8-components-financial/0.4.0-siren/annot8-components-financial-0.4.0-siren.jar</string>
         </downloadUrls>
      </dependency>
      <dependency>
         <name>Annot8 Gazetteer Components</name>
         <groupId>io.annot8</groupId>
         <artifactId>annot8-components-gazetteers</artifactId>
         <version>0.4.0-siren</version>
         <projectUrl>http://annot8.io/annot8-components-gazetteers</projectUrl>
         <type>jar</type>
         <licenses>
            <license>
               <name>Apache Software License 2.0</name>
               <url>https://www.apache.org/licenses/LICENSE-2.0.txt</url>
            </license>
         </licenses>
         <downloadUrls>
            <string>https://artifactory.siren.io/artifactory/libs-release/io/annot8/annot8-components-gazetteers/0.4.0-siren/annot8-components-gazetteers-0.4.0-siren.jar</string>
            <string>https://artifactory.siren.io/artifactory/libs-release-staging-local/io/annot8/annot8-components-gazetteers/0.4.0-siren/annot8-components-gazetteers-0.4.0-siren.jar</string>
         </downloadUrls>
      </dependency>
      <dependency>
         <name>Annot8 Geo Components</name>
         <groupId>io.annot8</groupId>
         <artifactId>annot8-components-geo</artifactId>
         <version>0.4.0-siren</version>
         <projectUrl>http://annot8.io/annot8-components-geo</projectUrl>
         <type>jar</type>
         <licenses>
            <license>
               <name>Apache Software License 2.0</name>
               <url>https://www.apache.org/licenses/LICENSE-2.0.txt</url>
            </license>
         </licenses>
         <downloadUrls>
            <string>https://artifactory.siren.io/artifactory/libs-release/io/annot8/annot8-components-geo/0.4.0-siren/annot8-components-geo-0.4.0-siren.jar</string>
            <string>https://artifactory.siren.io/artifactory/libs-release-staging-local/io/annot8/annot8-components-geo/0.4.0-siren/annot8-components-geo-0.4.0-siren.jar</string>
         </downloadUrls>
      </dependency>
      <dependency>
         <name>Annot8 Implementation Support</name>
         <groupId>io.annot8</groupId>
         <artifactId>annot8-implementations-support</artifactId>
         <version>0.4.0-siren</version>
         <projectUrl>http://annot8.io/annot8-implementations/annot8-implementations-support</projectUrl>
         <type>jar</type>
         <licenses>
            <license>
               <name>Apache Software License 2.0</name>
               <url>https://www.apache.org/licenses/LICENSE-2.0.txt</url>
            </license>
         </licenses>
         <downloadUrls>
            <string>https://artifactory.siren.io/artifactory/libs-release/io/annot8/annot8-implementations-support/0.4.0-siren/annot8-implementations-support-0.4.0-siren.jar</string>
            <string>https://artifactory.siren.io/artifactory/libs-release-staging-local/io/annot8/annot8-implementations-support/0.4.0-siren/annot8-implementations-support-0.4.0-siren.jar</string>
         </downloadUrls>
      </dependency>
      <dependency>
         <name>Annot8 Pipeline Implementation</name>
         <groupId>io.annot8</groupId>
         <artifactId>annot8-pipeline-implementation</artifactId>
         <version>0.4.0-siren</version>
         <projectUrl>http://annot8.io/annot8-implementations/annot8-pipeline-implementation</projectUrl>
         <type>jar</type>
         <licenses>
            <license>
               <name>Apache Software License 2.0</name>
               <url>https://www.apache.org/licenses/LICENSE-2.0.txt</url>
            </license>
         </licenses>
         <downloadUrls>
            <string>https://artifactory.siren.io/artifactory/libs-release/io/annot8/annot8-pipeline-implementation/0.4.0-siren/annot8-pipeline-implementation-0.4.0-siren.jar</string>
            <string>https://artifactory.siren.io/artifactory/libs-release-staging-local/io/annot8/annot8-pipeline-implementation/0.4.0-siren/annot8-pipeline-implementation-0.4.0-siren.jar</string>
         </downloadUrls>
      </dependency>
      <dependency>
         <name>Annot8 Reference Implementations</name>
         <groupId>io.annot8</groupId>
         <artifactId>annot8-reference-implementation</artifactId>
         <version>0.4.0-siren</version>
         <projectUrl>http://annot8.io/annot8-implementations/annot8-reference-implementation</projectUrl>
         <type>jar</type>
         <licenses>
            <license>
               <name>Apache Software License 2.0</name>
               <url>https://www.apache.org/licenses/LICENSE-2.0.txt</url>
            </license>
         </licenses>
         <downloadUrls>
            <string>https://artifactory.siren.io/artifactory/libs-release/io/annot8/annot8-reference-implementation/0.4.0-siren/annot8-reference-implementation-0.4.0-siren.jar</string>
            <string>https://artifactory.siren.io/artifactory/libs-release-staging-local/io/annot8/annot8-reference-implementation/0.4.0-siren/annot8-reference-implementation-0.4.0-siren.jar</string>
         </downloadUrls>
      </dependency>
      <dependency>
         <name>Annot8 Social Components</name>
         <groupId>io.annot8</groupId>
         <artifactId>annot8-components-social</artifactId>
         <version>0.4.0-siren</version>
         <projectUrl>http://annot8.io/annot8-components-social</projectUrl>
         <type>jar</type>
         <licenses>
            <license>
               <name>Apache Software License 2.0</name>
               <url>https://www.apache.org/licenses/LICENSE-2.0.txt</url>
            </license>
         </licenses>
         <downloadUrls>
            <string>https://artifactory.siren.io/artifactory/libs-release/io/annot8/annot8-components-social/0.4.0-siren/annot8-components-social-0.4.0-siren.jar</string>
            <string>https://artifactory.siren.io/artifactory/libs-release-staging-local/io/annot8/annot8-components-social/0.4.0-siren/annot8-components-social-0.4.0-siren.jar</string>
         </downloadUrls>
      </dependency>
      <dependency>
         <name>annotations</name>
         <groupId>findbugs</groupId>
         <artifactId>annotations</artifactId>
         <version>1.0.0</version>
         <projectUrl>http://findbugs.sf.net</projectUrl>
         <type>jar</type>
         <licenses/>
         <downloadUrls>
            <string>https://repo.maven.apache.org/maven2/findbugs/annotations/1.0.0/annotations-1.0.0.jar</string>
            <string>https://artifactory.siren.io/artifactory/libs-release/findbugs/annotations/1.0.0/annotations-1.0.0.jar</string>
            <string>https://artifactory.siren.io/artifactory/libs-snapshot/findbugs/annotations/1.0.0/annotations-1.0.0.jar</string>
         </downloadUrls>
      </dependency>
      <dependency>
         <name>Apache Commons BeanUtils</name>
         <groupId>commons-beanutils</groupId>
         <artifactId>commons-beanutils</artifactId>
         <version>1.9.3</version>
         <projectUrl>https://commons.apache.org/proper/commons-beanutils/</projectUrl>
         <type>jar</type>
         <licenses>
            <license>
               <name>Apache License, Version 2.0</name>
               <url>https://www.apache.org/licenses/LICENSE-2.0.txt</url>
            </license>
         </licenses>
         <downloadUrls>
            <string>https://repo.maven.apache.org/maven2/commons-beanutils/commons-beanutils/1.9.3/commons-beanutils-1.9.3.jar</string>
            <string>https://artifactory.siren.io/artifactory/libs-release/commons-beanutils/commons-beanutils/1.9.3/commons-beanutils-1.9.3.jar</string>
            <string>https://artifactory.siren.io/artifactory/libs-snapshot/commons-beanutils/commons-beanutils/1.9.3/commons-beanutils-1.9.3.jar</string>
         </downloadUrls>
      </dependency>
      <dependency>
         <name>Apache Commons Collections</name>
         <groupId>commons-collections</groupId>
         <artifactId>commons-collections</artifactId>
         <version>3.2.2</version>
         <projectUrl>http://commons.apache.org/collections/</projectUrl>
         <type>jar</type>
         <licenses>
            <license>
               <name>Apache License, Version 2.0</name>
               <url>http://www.apache.org/licenses/LICENSE-2.0.txt</url>
            </license>
         </licenses>
         <downloadUrls>
            <string>https://repo.maven.apache.org/maven2/commons-collections/commons-collections/3.2.2/commons-collections-3.2.2.jar</string>
            <string>https://artifactory.siren.io/artifactory/libs-release/commons-collections/commons-collections/3.2.2/commons-collections-3.2.2.jar</string>
            <string>https://artifactory.siren.io/artifactory/libs-snapshot/commons-collections/commons-collections/3.2.2/commons-collections-3.2.2.jar</string>
         </downloadUrls>
      </dependency>
      <dependency>
         <name>Apache Commons Collections</name>
         <groupId>org.apache.commons</groupId>
         <artifactId>commons-collections4</artifactId>
         <version>4.2</version>
         <projectUrl>http://commons.apache.org/proper/commons-collections/</projectUrl>
         <type>jar</type>
         <licenses>
            <license>
               <name>Apache License, Version 2.0</name>
               <url>https://www.apache.org/licenses/LICENSE-2.0.txt</url>
            </license>
         </licenses>
         <downloadUrls>
            <string>https://repo.maven.apache.org/maven2/org/apache/commons/commons-collections4/4.2/commons-collections4-4.2.jar</string>
            <string>https://artifactory.siren.io/artifactory/libs-release/org/apache/commons/commons-collections4/4.2/commons-collections4-4.2.jar</string>
            <string>https://artifactory.siren.io/artifactory/libs-snapshot/org/apache/commons/commons-collections4/4.2/commons-collections4-4.2.jar</string>
         </downloadUrls>
      </dependency>
      <dependency>
         <name>Apache Commons IO</name>
         <groupId>commons-io</groupId>
         <artifactId>commons-io</artifactId>
         <version>2.6</version>
         <projectUrl>http://commons.apache.org/proper/commons-io/</projectUrl>
         <type>jar</type>
         <licenses>
            <license>
               <name>Apache License, Version 2.0</name>
               <url>https://www.apache.org/licenses/LICENSE-2.0.txt</url>
            </license>
         </licenses>
         <downloadUrls>
            <string>https://repo.maven.apache.org/maven2/commons-io/commons-io/2.6/commons-io-2.6.jar</string>
            <string>https://artifactory.siren.io/artifactory/libs-release/commons-io/commons-io/2.6/commons-io-2.6.jar</string>
            <string>https://artifactory.siren.io/artifactory/libs-snapshot/commons-io/commons-io/2.6/commons-io-2.6.jar</string>
         </downloadUrls>
      </dependency>
      <dependency>
         <name>Apache Commons Lang</name>
         <groupId>org.apache.commons</groupId>
         <artifactId>commons-lang3</artifactId>
         <version>3.9</version>
         <projectUrl>http://commons.apache.org/proper/commons-lang/</projectUrl>
         <type>jar</type>
         <licenses>
            <license>
               <name>Apache License, Version 2.0</name>
               <url>https://www.apache.org/licenses/LICENSE-2.0.txt</url>
            </license>
         </licenses>
         <downloadUrls>
            <string>https://repo.maven.apache.org/maven2/org/apache/commons/commons-lang3/3.9/commons-lang3-3.9.jar</string>
            <string>https://artifactory.siren.io/artifactory/libs-release/org/apache/commons/commons-lang3/3.9/commons-lang3-3.9.jar</string>
            <string>https://artifactory.siren.io/artifactory/libs-snapshot/org/apache/commons/commons-lang3/3.9/commons-lang3-3.9.jar</string>
         </downloadUrls>
      </dependency>
      <dependency>
         <name>Apache Commons Text</name>
         <groupId>org.apache.commons</groupId>
         <artifactId>commons-text</artifactId>
         <version>1.3</version>
         <projectUrl>http://commons.apache.org/proper/commons-text/</projectUrl>
         <type>jar</type>
         <licenses>
            <license>
               <name>Apache License, Version 2.0</name>
               <url>https://www.apache.org/licenses/LICENSE-2.0.txt</url>
            </license>
         </licenses>
         <downloadUrls>
            <string>https://repo.maven.apache.org/maven2/org/apache/commons/commons-text/1.3/commons-text-1.3.jar</string>
            <string>https://artifactory.siren.io/artifactory/libs-release/org/apache/commons/commons-text/1.3/commons-text-1.3.jar</string>
            <string>https://artifactory.siren.io/artifactory/libs-snapshot/org/apache/commons/commons-text/1.3/commons-text-1.3.jar</string>
         </downloadUrls>
      </dependency>
      <dependency>
         <name>Apache Log4j</name>
         <groupId>log4j</groupId>
         <artifactId>log4j</artifactId>
         <version>1.2.17</version>
         <projectUrl>http://logging.apache.org/log4j/1.2/</projectUrl>
         <type>jar</type>
         <licenses>
            <license>
               <name>The Apache Software License, Version 2.0</name>
               <url>http://www.apache.org/licenses/LICENSE-2.0.txt</url>
            </license>
         </licenses>
         <downloadUrls>
            <string>https://repo.maven.apache.org/maven2/log4j/log4j/1.2.17/log4j-1.2.17.jar</string>
            <string>https://artifactory.siren.io/artifactory/libs-release/log4j/log4j/1.2.17/log4j-1.2.17.jar</string>
            <string>https://artifactory.siren.io/artifactory/libs-snapshot/log4j/log4j/1.2.17/log4j-1.2.17.jar</string>
         </downloadUrls>
      </dependency>
      <dependency>
         <name>Apache Log4j SLF4J Binding</name>
         <groupId>org.apache.logging.log4j</groupId>
         <artifactId>log4j-slf4j-impl</artifactId>
         <version>2.17.1</version>
         <projectUrl>https://logging.apache.org/log4j/2.x/log4j-slf4j-impl/</projectUrl>
         <type>jar</type>
         <licenses>
            <license>
               <name>Apache License, Version 2.0</name>
               <url>https://www.apache.org/licenses/LICENSE-2.0.txt</url>
            </license>
         </licenses>
         <downloadUrls>
            <string>https://repo.maven.apache.org/maven2/org/apache/logging/log4j/log4j-slf4j-impl/2.17.1/log4j-slf4j-impl-2.17.1.jar</string>
            <string>https://artifactory.siren.io/artifactory/libs-release/org/apache/logging/log4j/log4j-slf4j-impl/2.17.1/log4j-slf4j-impl-2.17.1.jar</string>
            <string>https://artifactory.siren.io/artifactory/libs-snapshot/org/apache/logging/log4j/log4j-slf4j-impl/2.17.1/log4j-slf4j-impl-2.17.1.jar</string>
         </downloadUrls>
      </dependency>
      <dependency>
         <name>Apache OpenNLP Tools</name>
         <groupId>org.apache.opennlp</groupId>
         <artifactId>opennlp-tools</artifactId>
         <version>1.9.1</version>
         <projectUrl>https://www.apache.org/opennlp/opennlp-tools/</projectUrl>
         <type>jar</type>
         <licenses>
            <license>
               <name>Apache License, Version 2.0</name>
               <url>https://www.apache.org/licenses/LICENSE-2.0.txt</url>
            </license>
         </licenses>
         <downloadUrls>
            <string>https://repo.maven.apache.org/maven2/org/apache/opennlp/opennlp-tools/1.9.1/opennlp-tools-1.9.1.jar</string>
            <string>https://artifactory.siren.io/artifactory/libs-release/org/apache/opennlp/opennlp-tools/1.9.1/opennlp-tools-1.9.1.jar</string>
            <string>https://artifactory.siren.io/artifactory/libs-snapshot/org/apache/opennlp/opennlp-tools/1.9.1/opennlp-tools-1.9.1.jar</string>
         </downloadUrls>
      </dependency>
      <dependency>
         <name>bitcoinj</name>
         <groupId>org.bitcoinj</groupId>
         <artifactId>bitcoinj-core</artifactId>
         <version>0.15.5</version>
         <projectUrl>https://bitcoinj.github.io</projectUrl>
         <type>jar</type>
         <licenses>
            <license>
               <name>The Apache Software License, Version 2.0</name>
               <url>https://www.apache.org/licenses/LICENSE-2.0.txt</url>
            </license>
         </licenses>
         <downloadUrls>
            <string>https://repo.maven.apache.org/maven2/org/bitcoinj/bitcoinj-core/0.15.5/bitcoinj-core-0.15.5.jar</string>
            <string>https://artifactory.siren.io/artifactory/libs-release/org/bitcoinj/bitcoinj-core/0.15.5/bitcoinj-core-0.15.5.jar</string>
            <string>https://artifactory.siren.io/artifactory/libs-snapshot/org/bitcoinj/bitcoinj-core/0.15.5/bitcoinj-core-0.15.5.jar</string>
         </downloadUrls>
      </dependency>
      <dependency>
         <name>Bouncy Castle Provider</name>
         <groupId>org.bouncycastle</groupId>
         <artifactId>bcprov-jdk15to18</artifactId>
         <version>1.63</version>
         <projectUrl>http://www.bouncycastle.org/java.html</projectUrl>
         <type>jar</type>
         <licenses>
            <license>
               <name>Bouncy Castle Licence</name>
               <url>http://www.bouncycastle.org/licence.html</url>
            </license>
         </licenses>
         <downloadUrls>
            <string>https://repo.maven.apache.org/maven2/org/bouncycastle/bcprov-jdk15to18/1.63/bcprov-jdk15to18-1.63.jar</string>
            <string>https://artifactory.siren.io/artifactory/libs-release/org/bouncycastle/bcprov-jdk15to18/1.63/bcprov-jdk15to18-1.63.jar</string>
            <string>https://artifactory.siren.io/artifactory/libs-snapshot/org/bouncycastle/bcprov-jdk15to18/1.63/bcprov-jdk15to18-1.63.jar</string>
         </downloadUrls>
      </dependency>
      <dependency>
         <name>Checker Qual</name>
         <groupId>org.checkerframework</groupId>
         <artifactId>checker-qual</artifactId>
         <version>2.8.1</version>
         <projectUrl>https://checkerframework.org</projectUrl>
         <type>jar</type>
         <licenses>
            <license>
               <name>The MIT License</name>
               <url>http://opensource.org/licenses/MIT</url>
            </license>
         </licenses>
         <downloadUrls>
            <string>https://repo.maven.apache.org/maven2/org/checkerframework/checker-qual/2.8.1/checker-qual-2.8.1.jar</string>
            <string>https://artifactory.siren.io/artifactory/libs-release/org/checkerframework/checker-qual/2.8.1/checker-qual-2.8.1.jar</string>
            <string>https://artifactory.siren.io/artifactory/libs-snapshot/org/checkerframework/checker-qual/2.8.1/checker-qual-2.8.1.jar</string>
         </downloadUrls>
      </dependency>
      <dependency>
         <name>error-prone annotations</name>
         <groupId>com.google.errorprone</groupId>
         <artifactId>error_prone_annotations</artifactId>
         <version>2.3.2</version>
         <projectUrl>http://nexus.sonatype.org/oss-repository-hosting.html/error_prone_parent/error_prone_annotations</projectUrl>
         <type>jar</type>
         <licenses>
            <license>
               <name>Apache 2.0</name>
               <url>http://www.apache.org/licenses/LICENSE-2.0.txt</url>
            </license>
         </licenses>
         <downloadUrls>
            <string>https://repo.maven.apache.org/maven2/com/google/errorprone/error_prone_annotations/2.3.2/error_prone_annotations-2.3.2.jar</string>
            <string>https://artifactory.siren.io/artifactory/libs-release/com/google/errorprone/error_prone_annotations/2.3.2/error_prone_annotations-2.3.2.jar</string>
            <string>https://artifactory.siren.io/artifactory/libs-snapshot/com/google/errorprone/error_prone_annotations/2.3.2/error_prone_annotations-2.3.2.jar</string>
         </downloadUrls>
      </dependency>
      <dependency>
         <name>Evo Inflector</name>
         <groupId>org.atteo</groupId>
         <artifactId>evo-inflector</artifactId>
         <version>1.2.2</version>
         <projectUrl>http://atteo.org/static/evo-inflector</projectUrl>
         <type>jar</type>
         <licenses>
            <license>
               <name>Apache License, Version 2.0</name>
               <url>http://www.apache.org/licenses/LICENSE-2.0.txt</url>
            </license>
         </licenses>
         <downloadUrls>
            <string>https://repo.maven.apache.org/maven2/org/atteo/evo-inflector/1.2.2/evo-inflector-1.2.2.jar</string>
            <string>https://artifactory.siren.io/artifactory/libs-release/org/atteo/evo-inflector/1.2.2/evo-inflector-1.2.2.jar</string>
            <string>https://artifactory.siren.io/artifactory/libs-snapshot/org/atteo/evo-inflector/1.2.2/evo-inflector-1.2.2.jar</string>
         </downloadUrls>
      </dependency>
      <dependency>
         <name>FindBugs-jsr305</name>
         <groupId>com.google.code.findbugs</groupId>
         <artifactId>jsr305</artifactId>
         <version>3.0.2</version>
         <projectUrl>http://findbugs.sourceforge.net/</projectUrl>
         <type>jar</type>
         <licenses>
            <license>
               <name>The Apache Software License, Version 2.0</name>
               <url>http://www.apache.org/licenses/LICENSE-2.0.txt</url>
            </license>
         </licenses>
         <downloadUrls>
            <string>https://repo.maven.apache.org/maven2/com/google/code/findbugs/jsr305/3.0.2/jsr305-3.0.2.jar</string>
            <string>https://artifactory.siren.io/artifactory/libs-release/com/google/code/findbugs/jsr305/3.0.2/jsr305-3.0.2.jar</string>
            <string>https://artifactory.siren.io/artifactory/libs-snapshot/com/google/code/findbugs/jsr305/3.0.2/jsr305-3.0.2.jar</string>
         </downloadUrls>
      </dependency>
      <dependency>
         <name>geodesy</name>
         <groupId>org.opensextant</groupId>
         <artifactId>geodesy</artifactId>
         <version>2.0.1</version>
         <projectUrl>https://github.com/OpenSextant/geodesy</projectUrl>
         <type>jar</type>
         <licenses>
            <license>
               <name>The Apache Software License, Version 2.0</name>
               <url>http://www.apache.org/licenses/LICENSE-2.0.txt</url>
            </license>
         </licenses>
         <downloadUrls>
            <string>https://repo.maven.apache.org/maven2/org/opensextant/geodesy/2.0.1/geodesy-2.0.1.jar</string>
            <string>https://artifactory.siren.io/artifactory/libs-release/org/opensextant/geodesy/2.0.1/geodesy-2.0.1.jar</string>
            <string>https://artifactory.siren.io/artifactory/libs-snapshot/org/opensextant/geodesy/2.0.1/geodesy-2.0.1.jar</string>
         </downloadUrls>
      </dependency>
      <dependency>
         <name>Guava InternalFutureFailureAccess and InternalFutures</name>
         <groupId>com.google.guava</groupId>
         <artifactId>failureaccess</artifactId>
         <version>1.0.1</version>
         <projectUrl>https://github.com/google/guava/failureaccess</projectUrl>
         <type>jar</type>
         <licenses>
            <license>
               <name>The Apache Software License, Version 2.0</name>
               <url>http://www.apache.org/licenses/LICENSE-2.0.txt</url>
            </license>
         </licenses>
         <downloadUrls>
            <string>https://repo.maven.apache.org/maven2/com/google/guava/failureaccess/1.0.1/failureaccess-1.0.1.jar</string>
            <string>https://artifactory.siren.io/artifactory/libs-release/com/google/guava/failureaccess/1.0.1/failureaccess-1.0.1.jar</string>
            <string>https://artifactory.siren.io/artifactory/libs-snapshot/com/google/guava/failureaccess/1.0.1/failureaccess-1.0.1.jar</string>
         </downloadUrls>
      </dependency>
      <dependency>
         <name>Guava ListenableFuture only</name>
         <groupId>com.google.guava</groupId>
         <artifactId>listenablefuture</artifactId>
         <version>9999.0-empty-to-avoid-conflict-with-guava</version>
         <projectUrl>https://github.com/google/guava/listenablefuture</projectUrl>
         <type>jar</type>
         <licenses>
            <license>
               <name>The Apache Software License, Version 2.0</name>
               <url>http://www.apache.org/licenses/LICENSE-2.0.txt</url>
            </license>
         </licenses>
         <downloadUrls>
            <string>https://repo.maven.apache.org/maven2/com/google/guava/listenablefuture/9999.0-empty-to-avoid-conflict-with-guava/listenablefuture-9999.0-empty-to-avoid-conflict-with-guava.jar</string>
            <string>https://artifactory.siren.io/artifactory/libs-release/com/google/guava/listenablefuture/9999.0-empty-to-avoid-conflict-with-guava/listenablefuture-9999.0-empty-to-avoid-conflict-with-guava.jar</string>
            <string>https://artifactory.siren.io/artifactory/libs-snapshot/com/google/guava/listenablefuture/9999.0-empty-to-avoid-conflict-with-guava/listenablefuture-9999.0-empty-to-avoid-conflict-with-guava.jar</string>
         </downloadUrls>
      </dependency>
      <dependency>
         <name>Guava: Google Core Libraries for Java</name>
         <groupId>com.google.guava</groupId>
         <artifactId>guava</artifactId>
         <version>28.1-jre</version>
         <projectUrl>https://github.com/google/guava/guava</projectUrl>
         <type>jar</type>
         <licenses>
            <license>
               <name>Apache License, Version 2.0</name>
               <url>http://www.apache.org/licenses/LICENSE-2.0.txt</url>
            </license>
         </licenses>
         <downloadUrls>
            <string>https://repo.maven.apache.org/maven2/com/google/guava/guava/28.1-jre/guava-28.1-jre.jar</string>
            <string>https://artifactory.siren.io/artifactory/libs-release/com/google/guava/guava/28.1-jre/guava-28.1-jre.jar</string>
            <string>https://artifactory.siren.io/artifactory/libs-snapshot/com/google/guava/guava/28.1-jre/guava-28.1-jre.jar</string>
         </downloadUrls>
      </dependency>
      <dependency>
         <name>iban4j</name>
         <groupId>org.iban4j</groupId>
         <artifactId>iban4j</artifactId>
         <version>3.2.1</version>
         <projectUrl>http://iban4j.org</projectUrl>
         <type>jar</type>
         <licenses>
            <license>
               <name>Apache License 2.0</name>
               <url>http://www.apache.org/licenses/LICENSE-2.0</url>
            </license>
         </licenses>
         <downloadUrls>
            <string>https://repo.maven.apache.org/maven2/org/iban4j/iban4j/3.2.1/iban4j-3.2.1.jar</string>
            <string>https://artifactory.siren.io/artifactory/libs-release/org/iban4j/iban4j/3.2.1/iban4j-3.2.1.jar</string>
            <string>https://artifactory.siren.io/artifactory/libs-snapshot/org/iban4j/iban4j/3.2.1/iban4j-3.2.1.jar</string>
         </downloadUrls>
      </dependency>
      <dependency>
         <name>J2ObjC Annotations</name>
         <groupId>com.google.j2objc</groupId>
         <artifactId>j2objc-annotations</artifactId>
         <version>1.3</version>
         <projectUrl>https://github.com/google/j2objc/</projectUrl>
         <type>jar</type>
         <licenses>
            <license>
               <name>The Apache Software License, Version 2.0</name>
               <url>http://www.apache.org/licenses/LICENSE-2.0.txt</url>
            </license>
         </licenses>
         <downloadUrls>
            <string>https://repo.maven.apache.org/maven2/com/google/j2objc/j2objc-annotations/1.3/j2objc-annotations-1.3.jar</string>
            <string>https://artifactory.siren.io/artifactory/libs-release/com/google/j2objc/j2objc-annotations/1.3/j2objc-annotations-1.3.jar</string>
            <string>https://artifactory.siren.io/artifactory/libs-snapshot/com/google/j2objc/j2objc-annotations/1.3/j2objc-annotations-1.3.jar</string>
         </downloadUrls>
      </dependency>
      <dependency>
         <name>Jackson datatype: jdk8</name>
         <groupId>com.fasterxml.jackson.datatype</groupId>
         <artifactId>jackson-datatype-jdk8</artifactId>
         <version>2.10.4</version>
         <projectUrl>https://github.com/FasterXML/jackson-modules-java8/jackson-datatype-jdk8</projectUrl>
         <type>jar</type>
         <licenses>
            <license>
               <name>The Apache Software License, Version 2.0</name>
               <url>http://www.apache.org/licenses/LICENSE-2.0.txt</url>
            </license>
         </licenses>
         <downloadUrls>
            <string>https://repo.maven.apache.org/maven2/com/fasterxml/jackson/datatype/jackson-datatype-jdk8/2.10.4/jackson-datatype-jdk8-2.10.4.jar</string>
            <string>https://artifactory.siren.io/artifactory/libs-release/com/fasterxml/jackson/datatype/jackson-datatype-jdk8/2.10.4/jackson-datatype-jdk8-2.10.4.jar</string>
            <string>https://artifactory.siren.io/artifactory/libs-snapshot/com/fasterxml/jackson/datatype/jackson-datatype-jdk8/2.10.4/jackson-datatype-jdk8-2.10.4.jar</string>
         </downloadUrls>
      </dependency>
      <dependency>
         <name>Jackson datatype: JSR310</name>
         <groupId>com.fasterxml.jackson.datatype</groupId>
         <artifactId>jackson-datatype-jsr310</artifactId>
         <version>2.10.4</version>
         <projectUrl>https://github.com/FasterXML/jackson-modules-java8/jackson-datatype-jsr310</projectUrl>
         <type>jar</type>
         <licenses>
            <license>
               <name>The Apache Software License, Version 2.0</name>
               <url>http://www.apache.org/licenses/LICENSE-2.0.txt</url>
            </license>
         </licenses>
         <downloadUrls>
            <string>https://repo.maven.apache.org/maven2/com/fasterxml/jackson/datatype/jackson-datatype-jsr310/2.10.4/jackson-datatype-jsr310-2.10.4.jar</string>
            <string>https://artifactory.siren.io/artifactory/libs-release/com/fasterxml/jackson/datatype/jackson-datatype-jsr310/2.10.4/jackson-datatype-jsr310-2.10.4.jar</string>
            <string>https://artifactory.siren.io/artifactory/libs-snapshot/com/fasterxml/jackson/datatype/jackson-datatype-jsr310/2.10.4/jackson-datatype-jsr310-2.10.4.jar</string>
         </downloadUrls>
      </dependency>
      <dependency>
         <name>Jackson-annotations</name>
         <groupId>com.fasterxml.jackson.core</groupId>
         <artifactId>jackson-annotations</artifactId>
         <version>2.10.4</version>
         <projectUrl>http://github.com/FasterXML/jackson</projectUrl>
         <type>jar</type>
         <licenses>
            <license>
               <name>The Apache Software License, Version 2.0</name>
               <url>http://www.apache.org/licenses/LICENSE-2.0.txt</url>
            </license>
         </licenses>
         <downloadUrls>
            <string>https://repo.maven.apache.org/maven2/com/fasterxml/jackson/core/jackson-annotations/2.10.4/jackson-annotations-2.10.4.jar</string>
            <string>https://artifactory.siren.io/artifactory/libs-release/com/fasterxml/jackson/core/jackson-annotations/2.10.4/jackson-annotations-2.10.4.jar</string>
            <string>https://artifactory.siren.io/artifactory/libs-snapshot/com/fasterxml/jackson/core/jackson-annotations/2.10.4/jackson-annotations-2.10.4.jar</string>
         </downloadUrls>
      </dependency>
      <dependency>
         <name>Jackson-core</name>
         <groupId>com.fasterxml.jackson.core</groupId>
         <artifactId>jackson-core</artifactId>
         <version>2.10.4</version>
         <projectUrl>https://github.com/FasterXML/jackson-core</projectUrl>
         <type>jar</type>
         <licenses>
            <license>
               <name>The Apache Software License, Version 2.0</name>
               <url>http://www.apache.org/licenses/LICENSE-2.0.txt</url>
            </license>
         </licenses>
         <downloadUrls>
            <string>https://repo.maven.apache.org/maven2/com/fasterxml/jackson/core/jackson-core/2.10.4/jackson-core-2.10.4.jar</string>
            <string>https://artifactory.siren.io/artifactory/libs-release/com/fasterxml/jackson/core/jackson-core/2.10.4/jackson-core-2.10.4.jar</string>
            <string>https://artifactory.siren.io/artifactory/libs-snapshot/com/fasterxml/jackson/core/jackson-core/2.10.4/jackson-core-2.10.4.jar</string>
         </downloadUrls>
      </dependency>
      <dependency>
         <name>jackson-databind</name>
         <groupId>com.fasterxml.jackson.core</groupId>
         <artifactId>jackson-databind</artifactId>
         <version>2.10.4</version>
         <projectUrl>http://github.com/FasterXML/jackson</projectUrl>
         <type>jar</type>
         <licenses>
            <license>
               <name>The Apache Software License, Version 2.0</name>
               <url>http://www.apache.org/licenses/LICENSE-2.0.txt</url>
            </license>
         </licenses>
         <downloadUrls>
            <string>https://repo.maven.apache.org/maven2/com/fasterxml/jackson/core/jackson-databind/2.10.4/jackson-databind-2.10.4.jar</string>
            <string>https://artifactory.siren.io/artifactory/libs-release/com/fasterxml/jackson/core/jackson-databind/2.10.4/jackson-databind-2.10.4.jar</string>
            <string>https://artifactory.siren.io/artifactory/libs-snapshot/com/fasterxml/jackson/core/jackson-databind/2.10.4/jackson-databind-2.10.4.jar</string>
         </downloadUrls>
      </dependency>
      <dependency>
         <name>Jackson-module-parameter-names</name>
         <groupId>com.fasterxml.jackson.module</groupId>
         <artifactId>jackson-module-parameter-names</artifactId>
         <version>2.10.4</version>
         <projectUrl>https://github.com/FasterXML/jackson-modules-java8/jackson-module-parameter-names</projectUrl>
         <type>jar</type>
         <licenses>
            <license>
               <name>The Apache Software License, Version 2.0</name>
               <url>http://www.apache.org/licenses/LICENSE-2.0.txt</url>
            </license>
         </licenses>
         <downloadUrls>
            <string>https://repo.maven.apache.org/maven2/com/fasterxml/jackson/module/jackson-module-parameter-names/2.10.4/jackson-module-parameter-names-2.10.4.jar</string>
            <string>https://artifactory.siren.io/artifactory/libs-release/com/fasterxml/jackson/module/jackson-module-parameter-names/2.10.4/jackson-module-parameter-names-2.10.4.jar</string>
            <string>https://artifactory.siren.io/artifactory/libs-snapshot/com/fasterxml/jackson/module/jackson-module-parameter-names/2.10.4/jackson-module-parameter-names-2.10.4.jar</string>
         </downloadUrls>
      </dependency>
      <dependency>
         <name>javax.json.bind-api</name>
         <groupId>javax.json.bind</groupId>
         <artifactId>javax.json.bind-api</artifactId>
         <version>1.0</version>
         <projectUrl>https://javaee.github.io/jsonb-spec</projectUrl>
         <type>jar</type>
         <licenses>
            <license>
               <name>Dual license consisting of the CDDL v1.1 and GPL v2</name>
               <url>https://oss.oracle.com/licenses/CDDL+GPL-1.1</url>
            </license>
         </licenses>
         <downloadUrls>
            <string>https://repo.maven.apache.org/maven2/javax/json/bind/javax.json.bind-api/1.0/javax.json.bind-api-1.0.jar</string>
            <string>https://artifactory.siren.io/artifactory/libs-release/javax/json/bind/javax.json.bind-api/1.0/javax.json.bind-api-1.0.jar</string>
            <string>https://artifactory.siren.io/artifactory/libs-snapshot/javax/json/bind/javax.json.bind-api/1.0/javax.json.bind-api-1.0.jar</string>
         </downloadUrls>
      </dependency>
      <dependency>
         <name>JGraphT - Core</name>
         <groupId>org.jgrapht</groupId>
         <artifactId>jgrapht-core</artifactId>
         <version>1.3.0</version>
         <projectUrl>http://www.jgrapht.org/jgrapht-core</projectUrl>
         <type>jar</type>
         <licenses>
            <license>
               <name>GNU Lesser General Public License Version 2.1, February 1999</name>
               <url>http://jgrapht.sourceforge.net/LGPL.html</url>
            </license>
            <license>
               <name>Eclipse Public License (EPL) 2.0</name>
               <url>http://www.eclipse.org/legal/epl-v20.html</url>
            </license>
         </licenses>
         <downloadUrls>
            <string>https://repo.maven.apache.org/maven2/org/jgrapht/jgrapht-core/1.3.0/jgrapht-core-1.3.0.jar</string>
            <string>https://artifactory.siren.io/artifactory/libs-release/org/jgrapht/jgrapht-core/1.3.0/jgrapht-core-1.3.0.jar</string>
            <string>https://artifactory.siren.io/artifactory/libs-snapshot/org/jgrapht/jgrapht-core/1.3.0/jgrapht-core-1.3.0.jar</string>
         </downloadUrls>
      </dependency>
      <dependency>
         <name>JHeaps</name>
         <groupId>org.jheaps</groupId>
         <artifactId>jheaps</artifactId>
         <version>0.9</version>
         <projectUrl>http://www.jheaps.org</projectUrl>
         <type>jar</type>
         <licenses>
            <license>
               <name>Apache License, Version 2.0</name>
               <url>http://www.apache.org/licenses/LICENSE-2.0.txt</url>
            </license>
         </licenses>
         <downloadUrls>
            <string>https://repo.maven.apache.org/maven2/org/jheaps/jheaps/0.9/jheaps-0.9.jar</string>
            <string>https://artifactory.siren.io/artifactory/libs-release/org/jheaps/jheaps/0.9/jheaps-0.9.jar</string>
            <string>https://artifactory.siren.io/artifactory/libs-snapshot/org/jheaps/jheaps/0.9/jheaps-0.9.jar</string>
         </downloadUrls>
      </dependency>
      <dependency>
         <name>JSR 374 (JSON Processing) API</name>
         <groupId>javax.json</groupId>
         <artifactId>javax.json-api</artifactId>
         <version>1.1.4</version>
         <projectUrl>https://javaee.github.io/jsonp</projectUrl>
         <type>jar</type>
         <licenses>
            <license>
               <name>Dual license consisting of the CDDL v1.1 and GPL v2</name>
               <url>https://oss.oracle.com/licenses/CDDL+GPL-1.1</url>
            </license>
         </licenses>
         <downloadUrls>
            <string>https://repo.maven.apache.org/maven2/javax/json/javax.json-api/1.1.4/javax.json-api-1.1.4.jar</string>
            <string>https://artifactory.siren.io/artifactory/libs-release/javax/json/javax.json-api/1.1.4/javax.json-api-1.1.4.jar</string>
            <string>https://artifactory.siren.io/artifactory/libs-snapshot/javax/json/javax.json-api/1.1.4/javax.json-api-1.1.4.jar</string>
         </downloadUrls>
      </dependency>
      <dependency>
         <name>LatencyUtils</name>
         <groupId>org.latencyutils</groupId>
         <artifactId>LatencyUtils</artifactId>
         <version>2.0.3</version>
         <projectUrl>http://latencyutils.github.io/LatencyUtils/</projectUrl>
         <type>jar</type>
         <licenses>
            <license>
               <name>Public Domain, per Creative Commons CC0</name>
               <url>http://creativecommons.org/publicdomain/zero/1.0/</url>
            </license>
         </licenses>
         <downloadUrls>
            <string>https://repo.maven.apache.org/maven2/org/latencyutils/LatencyUtils/2.0.3/LatencyUtils-2.0.3.jar</string>
            <string>https://artifactory.siren.io/artifactory/libs-release/org/latencyutils/LatencyUtils/2.0.3/LatencyUtils-2.0.3.jar</string>
            <string>https://artifactory.siren.io/artifactory/libs-snapshot/org/latencyutils/LatencyUtils/2.0.3/LatencyUtils-2.0.3.jar</string>
         </downloadUrls>
      </dependency>
      <dependency>
         <name>micrometer-core</name>
         <groupId>io.micrometer</groupId>
         <artifactId>micrometer-core</artifactId>
         <version>1.2.1</version>
         <projectUrl>https://github.com/micrometer-metrics/micrometer</projectUrl>
         <type>jar</type>
         <licenses>
            <license>
               <name>The Apache Software License, Version 2.0</name>
               <url>http://www.apache.org/licenses/LICENSE-2.0.txt</url>
            </license>
         </licenses>
         <downloadUrls>
            <string>https://repo.maven.apache.org/maven2/io/micrometer/micrometer-core/1.2.1/micrometer-core-1.2.1.jar</string>
            <string>https://artifactory.siren.io/artifactory/libs-release/io/micrometer/micrometer-core/1.2.1/micrometer-core-1.2.1.jar</string>
            <string>https://artifactory.siren.io/artifactory/libs-snapshot/io/micrometer/micrometer-core/1.2.1/micrometer-core-1.2.1.jar</string>
         </downloadUrls>
      </dependency>
      <dependency>
         <name>OkHttp</name>
         <groupId>com.squareup.okhttp3</groupId>
         <artifactId>okhttp</artifactId>
         <version>3.12.3</version>
         <projectUrl>https://github.com/square/okhttp/okhttp</projectUrl>
         <type>jar</type>
         <licenses>
            <license>
               <name>Apache 2.0</name>
               <url>http://www.apache.org/licenses/LICENSE-2.0.txt</url>
            </license>
         </licenses>
         <downloadUrls>
            <string>https://repo.maven.apache.org/maven2/com/squareup/okhttp3/okhttp/3.12.3/okhttp-3.12.3.jar</string>
            <string>https://artifactory.siren.io/artifactory/libs-release/com/squareup/okhttp3/okhttp/3.12.3/okhttp-3.12.3.jar</string>
            <string>https://artifactory.siren.io/artifactory/libs-snapshot/com/squareup/okhttp3/okhttp/3.12.3/okhttp-3.12.3.jar</string>
         </downloadUrls>
      </dependency>
      <dependency>
         <name>Okio</name>
         <groupId>com.squareup.okio</groupId>
         <artifactId>okio</artifactId>
         <version>1.15.0</version>
         <projectUrl>https://github.com/square/okio/okio</projectUrl>
         <type>jar</type>
         <licenses>
            <license>
               <name>Apache 2.0</name>
               <url>http://www.apache.org/licenses/LICENSE-2.0.txt</url>
            </license>
         </licenses>
         <downloadUrls>
            <string>https://repo.maven.apache.org/maven2/com/squareup/okio/okio/1.15.0/okio-1.15.0.jar</string>
            <string>https://artifactory.siren.io/artifactory/libs-release/com/squareup/okio/okio/1.15.0/okio-1.15.0.jar</string>
            <string>https://artifactory.siren.io/artifactory/libs-snapshot/com/squareup/okio/okio/1.15.0/okio-1.15.0.jar</string>
         </downloadUrls>
      </dependency>
      <dependency>
         <name>Open Location Code</name>
         <groupId>com.google.openlocationcode</groupId>
         <artifactId>openlocationcode</artifactId>
         <version>1.0.4</version>
         <projectUrl>https://github.com/google/open-location-code</projectUrl>
         <type>jar</type>
         <licenses/>
         <downloadUrls>
            <string>https://repo.maven.apache.org/maven2/com/google/openlocationcode/openlocationcode/1.0.4/openlocationcode-1.0.4.jar</string>
            <string>https://artifactory.siren.io/artifactory/libs-release/com/google/openlocationcode/openlocationcode/1.0.4/openlocationcode-1.0.4.jar</string>
            <string>https://artifactory.siren.io/artifactory/libs-snapshot/com/google/openlocationcode/openlocationcode/1.0.4/openlocationcode-1.0.4.jar</string>
         </downloadUrls>
      </dependency>
      <dependency>
         <name>opencsv</name>
         <groupId>com.opencsv</groupId>
         <artifactId>opencsv</artifactId>
         <version>4.5</version>
         <projectUrl>http://opencsv.sf.net</projectUrl>
         <type>jar</type>
         <licenses>
            <license>
               <name>Apache 2</name>
               <url>http://www.apache.org/licenses/LICENSE-2.0.txt</url>
            </license>
         </licenses>
         <downloadUrls>
            <string>https://repo.maven.apache.org/maven2/com/opencsv/opencsv/4.5/opencsv-4.5.jar</string>
            <string>https://artifactory.siren.io/artifactory/libs-release/com/opencsv/opencsv/4.5/opencsv-4.5.jar</string>
            <string>https://artifactory.siren.io/artifactory/libs-snapshot/com/opencsv/opencsv/4.5/opencsv-4.5.jar</string>
         </downloadUrls>
      </dependency>
      <dependency>
         <name>OSGB</name>
         <groupId>uk.gov.dstl.geo</groupId>
         <artifactId>osgb</artifactId>
         <version>1.0.0</version>
         <projectUrl>https://github.com/dstl/osgb</projectUrl>
         <type>jar</type>
         <licenses>
            <license>
               <name>Apache License, Version 2.0</name>
               <url>http://www.apache.org/licenses/LICENSE-2.0.txt</url>
            </license>
         </licenses>
         <downloadUrls>
            <string>https://repo.maven.apache.org/maven2/uk/gov/dstl/geo/osgb/1.0.0/osgb-1.0.0.jar</string>
            <string>https://artifactory.siren.io/artifactory/libs-release/uk/gov/dstl/geo/osgb/1.0.0/osgb-1.0.0.jar</string>
            <string>https://artifactory.siren.io/artifactory/libs-snapshot/uk/gov/dstl/geo/osgb/1.0.0/osgb-1.0.0.jar</string>
         </downloadUrls>
      </dependency>
      <dependency>
         <name>Protocol Buffers [Core]</name>
         <groupId>com.google.protobuf</groupId>
         <artifactId>protobuf-java</artifactId>
         <version>3.6.1</version>
         <projectUrl>https://developers.google.com/protocol-buffers/protobuf-java/</projectUrl>
         <type>jar</type>
         <licenses>
            <license>
               <name>3-Clause BSD License</name>
               <url>https://opensource.org/licenses/BSD-3-Clause</url>
            </license>
         </licenses>
         <downloadUrls>
            <string>https://repo.maven.apache.org/maven2/com/google/protobuf/protobuf-java/3.6.1/protobuf-java-3.6.1.jar</string>
            <string>https://artifactory.siren.io/artifactory/libs-release/com/google/protobuf/protobuf-java/3.6.1/protobuf-java-3.6.1.jar</string>
            <string>https://artifactory.siren.io/artifactory/libs-snapshot/com/google/protobuf/protobuf-java/3.6.1/protobuf-java-3.6.1.jar</string>
         </downloadUrls>
      </dependency>
      <dependency>
         <name>SLF4J API Module</name>
         <groupId>org.slf4j</groupId>
         <artifactId>slf4j-api</artifactId>
         <version>1.7.5</version>
         <projectUrl>http://www.slf4j.org</projectUrl>
         <type>jar</type>
         <licenses>
            <license>
               <name>MIT License</name>
               <url>http://www.opensource.org/licenses/mit-license.php</url>
            </license>
         </licenses>
         <downloadUrls>
            <string>https://repo.maven.apache.org/maven2/org/slf4j/slf4j-api/1.7.5/slf4j-api-1.7.5.jar</string>
            <string>https://artifactory.siren.io/artifactory/libs-release/org/slf4j/slf4j-api/1.7.5/slf4j-api-1.7.5.jar</string>
            <string>https://artifactory.siren.io/artifactory/libs-snapshot/org/slf4j/slf4j-api/1.7.5/slf4j-api-1.7.5.jar</string>
         </downloadUrls>
      </dependency>
      <dependency>
         <name>SLF4J LOG4J-12 Binding</name>
         <groupId>org.slf4j</groupId>
         <artifactId>slf4j-log4j12</artifactId>
         <version>1.7.5</version>
         <projectUrl>http://www.slf4j.org</projectUrl>
         <type>jar</type>
         <licenses>
            <license>
               <name>MIT License</name>
               <url>http://www.opensource.org/licenses/mit-license.php</url>
            </license>
         </licenses>
         <downloadUrls>
            <string>https://repo.maven.apache.org/maven2/org/slf4j/slf4j-log4j12/1.7.5/slf4j-log4j12-1.7.5.jar</string>
            <string>https://artifactory.siren.io/artifactory/libs-release/org/slf4j/slf4j-log4j12/1.7.5/slf4j-log4j12-1.7.5.jar</string>
            <string>https://artifactory.siren.io/artifactory/libs-snapshot/org/slf4j/slf4j-log4j12/1.7.5/slf4j-log4j12-1.7.5.jar</string>
         </downloadUrls>
      </dependency>
      <dependency>
         <name>Text Utilities</name>
         <groupId>io.annot8</groupId>
         <artifactId>annot8-utils-text</artifactId>
         <version>0.4.0-siren</version>
         <projectUrl>http://annot8.io/annot8-utils-text</projectUrl>
         <type>jar</type>
         <licenses>
            <license>
               <name>Apache Software License 2.0</name>
               <url>https://www.apache.org/licenses/LICENSE-2.0.txt</url>
            </license>
         </licenses>
         <downloadUrls>
            <string>https://artifactory.siren.io/artifactory/libs-release/io/annot8/annot8-utils-text/0.4.0-siren/annot8-utils-text-0.4.0-siren.jar</string>
            <string>https://artifactory.siren.io/artifactory/libs-release-staging-local/io/annot8/annot8-utils-text/0.4.0-siren/annot8-utils-text-0.4.0-siren.jar</string>
         </downloadUrls>
      </dependency>
   </dependencies>
</attributionReport>